Sexo;Idade;turno;áreagraduação;período;corpele;estcivil;trabalho;escolpai;escolmãe;planosaúde;vocêmora;carrobebida;agressão;pensousuicidio;usoucocaína;preservativo;exercfísico;tentousuicídio
1;1;0;2;0;0;1;2;2;2;1;0;0;0;0;0;0;0;0
0;1;0;2;0;1;1;0;2;2;1;4;0;0;0;0;0;0;0
0;1;0;2;0;1;1;0;2;2;1;0;0;0;1;0;1;1;0
1;1;0;2;0;1;1;0;1;2;1;3;0;1;0;0;0;1;0
1;1;0;2;0;1;1;2;1;2;1;0;0;0;1;0;0;1;0
1;1;0;2;0;1;1;0;1;1;1;0;0;1;0;0;0;0;0
1;0;0;2;0;1;1;0;2;2;1;0;0;0;0;0;0;0;0
1;0;0;2;0;1;1;2;1;1;1;0;0;0;0;0;0;1;0
1;0;0;2;0;1;1;2;1;1;1;0;0;0;0;0;0;0;0
1;0;0;2;0;1;1;0;2;1;1;0;0;0;0;0;0;0;0
1;1;0;2;0;1;1;0;2;2;1;0;0;0;0;0;0;1;0
0;1;0;2;0;0;1;0;1;2;1;0;0;0;0;0;0;1;0
1;1;0;2;0;1;1;2;2;2;1;0;0;0;0;0;0;1;0
1;1;0;2;0;1;1;2;1;2;0;3;0;0;0;0;1;1;0
1;1;0;1;0;1;1;2;0;1;1;3;0;0;1;0;0;1;0
0;1;0;1;0;1;1;2;0;0;1;3;0;0;0;0;0;1;0
1;1;0;1;0;1;1;2;1;1;1;0;0;0;0;0;0;1;0
0;0;0;1;0;1;1;0;1;2;0;0;0;0;0;0;1;1;0
1;0;0;1;0;1;1;2;1;1;1;0;0;0;0;0;0;0;0
0;1;0;1;0;1;1;2;1;1;1;0;0;0;0;0;0;1;0
0;0;0;1;0;1;1;2;0;1;1;0;0;0;0;0;0;1;0
0;0;0;1;0;0;1;1;0;1;1;0;1;0;0;0;1;1;0
1;1;0;1;0;1;1;0;1;2;0;0;0;0;0;0;0;1;0
0;0;0;1;0;1;0;2;0;0;1;2;0;0;0;0;1;0;0
1;1;0;1;0;1;1;0;1;1;1;4;0;0;0;0;0;1;0
1;0;0;1;0;1;0;1;0;1;1;2;0;0;0;0;1;1;0
0;1;0;1;1;1;1;0;2;1;0;3;0;0;0;0;0;1;0
0;0;0;1;1;1;1;1;2;2;0;0;0;0;0;0;0;0;0
0;0;0;1;1;1;1;1;2;2;1;0;0;0;0;0;0;1;0
0;0;0;1;1;1;1;1;1;0;1;3;0;0;0;0;0;1;0
0;1;0;1;1;0;1;0;2;2;1;0;0;0;0;0;0;1;0
0;0;0;1;1;1;1;2;1;2;1;0;0;0;0;0;0;1;0
0;0;0;1;1;0;1;2;2;2;1;3;0;0;0;0;0;1;0
0;1;0;1;1;0;1;2;1;2;1;0;0;0;0;0;0;0;0
0;1;0;0;0;1;1;2;2;2;1;3;0;0;0;0;0;1;0
0;1;0;0;0;0;1;2;1;1;1;1;0;0;0;0;0;1;0
1;1;0;0;0;0;1;2;2;2;1;0;0;0;0;0;0;1;0
0;1;0;0;0;1;1;2;2;2;1;0;0;0;1;0;1;1;0
0;1;0;0;0;0;1;2;2;2;0;1;0;0;0;0;0;1;0
0;1;0;0;0;0;1;2;2;2;1;0;0;0;0;0;0;0;0
0;1;0;0;0;1;1;2;2;2;1;0;0;0;0;0;0;0;0
0;1;0;0;0;0;1;2;2;2;0;0;0;0;0;0;0;0;0
1;0;0;0;0;0;1;2;1;1;1;0;0;0;0;0;0;0;0
0;1;0;0;0;0;1;2;2;2;1;1;0;0;0;0;0;0;0
0;1;0;0;0;1;1;2;1;2;0;0;0;0;0;0;0;1;0
0;1;0;0;0;1;1;2;2;2;0;0;0;0;0;0;0;1;0
1;0;0;0;0;1;1;0;1;1;0;0;0;0;0;0;0;0;0
0;1;0;0;1;0;1;2;1;2;1;0;0;0;0;0;0;1;0
0;1;0;0;1;1;1;2;2;2;1;0;0;0;0;0;0;1;0
0;1;0;0;1;0;1;2;2;2;0;3;0;0;0;0;0;0;0
1;1;0;0;1;1;1;0;1;1;1;3;0;0;0;0;0;1;0
0;0;0;0;1;0;1;2;0;2;1;3;0;0;0;0;1;1;0
0;1;0;0;1;1;0;0;0;1;1;2;0;0;0;0;1;0;0
0;1;0;0;1;1;1;2;1;2;1;1;0;0;0;0;0;0;0
0;0;0;0;1;0;1;2;2;2;0;0;0;0;0;0;1;1;0
0;0;0;0;1;0;1;2;2;2;0;0;0;0;0;0;0;0;0
0;1;0;0;1;1;1;2;2;2;1;3;0;0;0;0;0;0;0
1;0;0;0;1;1;1;2;1;2;0;3;0;0;0;0;0;1;0
1;1;0;0;1;0;1;2;2;2;1;3;1;0;0;0;0;0;0
0;1;0;0;1;0;1;2;2;2;1;0;1;0;0;0;1;0;0
0;0;0;0;0;0;1;2;2;2;1;0;0;0;0;0;0;1;0
1;1;0;0;0;1;1;2;2;2;1;3;0;0;1;0;0;0;1
0;1;0;0;0;1;1;2;2;2;0;3;0;0;0;0;0;1;0
1;1;0;0;0;1;1;2;1;1;1;0;1;0;0;0;0;0;0
1;1;0;0;0;0;1;2;2;2;0;3;1;0;0;0;0;1;0
0;1;0;0;0;0;1;2;2;2;1;0;1;0;0;0;0;0;0
1;1;0;3;0;0;1;2;1;2;1;3;0;0;0;0;0;1;0
1;1;0;3;0;1;1;0;1;2;0;0;0;0;0;0;0;1;0
0;0;0;3;0;1;0;0;1;1;0;2;0;0;0;0;1;1;0
0;1;0;3;0;0;1;0;1;1;1;0;0;0;0;0;0;1;0
1;1;0;3;0;1;1;2;1;1;1;0;0;1;0;0;1;1;0
0;1;0;3;0;1;1;0;1;2;1;0;0;0;0;0;0;0;0
1;1;0;3;0;1;1;2;2;1;1;0;0;0;0;0;0;0;0
1;1;0;3;0;0;1;0;1;1;0;0;0;0;0;0;0;1;0
0;1;0;3;0;0;1;1;2;2;1;1;0;0;0;0;0;0;0
1;0;0;3;0;0;1;2;1;1;1;0;0;0;0;0;0;1;0
0;0;0;3;0;1;1;1;1;2;0;0;0;0;0;0;0;1;0
1;1;0;3;0;0;1;0;1;1;1;0;0;0;0;0;0;0;0
1;1;0;3;0;0;1;0;2;1;1;0;0;0;0;0;1;1;0
0;0;0;3;0;1;1;1;1;1;1;0;0;0;0;0;0;1;0
0;1;0;3;0;0;1;0;2;2;1;0;0;0;0;0;0;0;0
0;1;0;3;0;1;1;0;2;2;1;0;0;0;0;0;0;1;0
0;0;0;3;0;1;1;1;1;2;1;0;0;0;0;0;1;1;0
1;1;1;3;0;1;1;0;1;2;1;0;0;0;0;0;1;1;0
1;1;1;3;0;1;1;2;1;0;1;0;0;0;0;0;0;1;0
0;1;1;3;0;1;1;2;1;0;1;0;0;0;0;0;0;1;0
0;0;1;3;0;1;1;0;0;2;1;0;0;1;1;0;0;1;1
0;1;1;3;0;1;1;2;0;0;1;0;0;1;0;0;0;1;0
1;1;1;3;0;1;1;2;1;2;1;0;0;0;0;0;0;0;0
0;1;1;3;0;1;0;1;0;1;1;2;0;0;0;0;1;0;0
1;0;1;3;0;0;1;0;2;2;1;0;1;0;0;0;1;0;0
0;1;1;3;0;1;1;0;1;2;1;0;0;0;0;0;1;0;0
1;1;1;3;0;1;1;0;1;1;0;0;0;0;0;0;0;1;0
1;1;1;3;0;1;1;2;2;2;1;0;0;0;0;0;0;0;0
0;1;1;3;0;1;1;0;1;0;1;1;0;0;0;0;0;1;0
1;1;1;3;0;1;1;0;2;2;1;0;0;0;0;0;0;1;0
0;1;1;3;0;1;1;2;2;1;1;1;0;0;0;0;0;1;0
0;1;1;3;0;1;1;2;2;2;1;1;0;0;0;0;0;0;0
0;1;1;3;0;1;1;0;2;2;0;0;1;0;0;0;0;0;0
0;0;0;3;1;1;1;0;2;2;1;0;0;0;0;0;0;1;0
0;0;0;3;1;0;1;2;1;1;0;0;0;0;0;0;0;1;0
0;1;0;3;1;1;1;0;2;2;1;0;0;0;0;0;0;1;0
0;0;0;3;1;1;1;0;2;2;0;0;0;0;0;0;0;1;0
1;1;0;3;1;1;1;0;1;2;0;0;0;0;0;0;1;0;0
1;0;0;3;1;0;1;0;2;2;0;0;0;0;0;0;0;1;0
0;1;0;3;1;0;1;1;2;2;1;0;0;0;1;0;0;0;0
1;0;0;3;1;0;1;0;2;2;0;0;1;0;0;0;0;0;0
1;0;0;3;1;0;1;0;2;2;1;1;0;0;0;0;0;1;0
0;0;0;3;1;1;1;0;1;1;0;0;0;0;0;0;1;0;0
1;1;0;3;1;1;1;0;0;2;1;0;0;0;0;0;1;1;0
0;0;0;3;1;1;1;0;2;2;0;0;0;0;0;0;0;1;0
1;0;0;3;1;0;1;1;2;2;1;1;0;0;0;0;0;1;0
0;0;0;3;1;1;1;0;0;1;1;0;0;0;0;0;1;0;0
0;1;1;3;0;1;1;2;1;1;1;0;0;0;0;0;0;1;0
0;0;1;3;0;0;0;2;1;1;0;2;0;0;0;0;0;1;0
0;1;1;3;0;1;1;2;0;0;1;0;0;0;0;0;0;1;0
1;0;1;3;0;1;1;1;2;2;1;0;0;0;0;0;0;0;0
0;0;1;3;0;1;1;0;0;0;1;4;0;0;0;0;0;1;0
0;0;1;3;0;0;0;2;1;2;1;2;0;0;0;0;1;0;0
1;1;1;3;0;1;1;0;0;2;1;0;0;0;0;0;0;1;0
0;1;1;3;0;1;1;2;2;2;1;3;0;0;0;0;0;0;0
1;1;1;3;0;0;1;1;2;2;1;0;0;0;0;0;0;1;0
1;0;1;3;0;1;1;2;2;2;0;3;1;0;0;1;1;1;0
1;0;1;3;0;1;1;2;1;2;1;0;0;0;0;0;0;1;0
0;0;1;3;0;0;1;2;2;2;1;0;0;0;0;0;0;1;0
0;1;1;3;0;1;1;2;1;2;1;3;0;0;0;0;1;1;0
1;1;1;3;0;1;1;0;1;1;1;0;0;0;0;0;0;1;0
1;1;1;3;0;0;1;0;2;1;0;0;0;0;0;0;0;0;0
0;1;1;3;0;0;1;0;1;1;1;0;0;0;0;0;0;0;0
0;1;0;2;0;0;1;2;2;2;1;3;0;0;0;0;0;0;0
0;1;0;2;0;0;1;2;1;2;1;1;0;0;0;0;0;1;0
1;1;0;2;0;1;1;2;2;2;1;0;1;1;0;0;1;0;0
1;1;0;2;0;1;1;2;1;0;1;4;0;0;0;0;0;1;0
1;1;0;2;0;0;1;0;2;2;1;4;0;0;0;0;0;1;0
1;1;0;2;0;1;1;2;2;2;1;0;0;0;0;0;0;1;0
1;1;0;2;0;1;1;2;0;1;1;0;0;0;0;0;0;1;0
0;1;0;2;0;1;1;2;1;1;0;1;0;0;1;0;0;1;1
1;1;0;2;0;0;1;2;2;1;1;0;0;1;0;0;0;1;0
1;1;0;2;0;0;1;2;1;2;1;0;0;0;1;0;0;0;0
1;1;0;2;0;1;1;2;1;2;0;0;0;0;0;0;0;1;0
1;1;0;2;0;0;1;2;2;2;1;0;0;0;0;0;0;1;0
1;1;0;2;0;0;1;2;2;2;1;0;1;0;0;0;0;1;0
0;1;0;2;0;1;1;2;0;0;1;1;0;0;0;0;0;0;0
0;1;0;2;0;1;1;2;0;0;1;0;0;0;0;0;0;1;0
1;1;0;2;0;0;1;2;2;2;1;0;0;0;0;0;0;0;0
0;0;0;2;0;0;1;2;1;1;1;2;0;0;0;0;0;1;0
0;1;0;2;1;0;1;2;1;1;1;1;0;0;0;0;0;1;0
0;1;0;2;1;1;1;2;1;1;1;0;0;0;0;0;0;1;0
1;1;0;2;1;0;1;1;1;1;0;4;0;0;0;0;0;1;0
0;0;0;2;1;0;0;2;0;2;0;2;0;0;0;0;1;0;0
1;1;0;2;1;0;1;1;1;2;1;0;0;0;0;0;1;1;0
0;1;0;2;1;0;1;2;1;1;1;0;0;0;0;0;0;1;0
1;0;0;2;1;0;1;2;2;1;0;0;0;0;0;0;0;0;0
0;1;0;2;0;0;1;2;0;0;1;3;0;0;1;0;0;1;0
0;1;0;2;0;1;1;2;0;0;1;0;0;0;0;0;0;1;0
0;1;0;2;0;1;1;2;0;2;1;1;0;0;0;0;0;1;0
1;1;0;2;0;0;1;1;2;2;1;0;0;0;0;0;0;1;0
1;0;0;2;0;0;0;2;0;0;0;2;0;0;1;0;0;0;0
1;1;0;2;0;0;1;0;0;1;1;4;0;0;0;0;0;1;0
0;1;0;2;0;1;1;2;2;2;1;3;0;0;0;0;0;1;0
1;1;0;2;0;0;1;0;1;1;1;0;0;0;0;0;0;1;0
0;0;0;2;0;0;1;1;0;0;1;4;0;0;0;0;0;1;0
1;0;1;2;0;1;1;2;0;0;1;0;0;0;0;0;0;0;0
1;0;0;2;0;1;1;1;0;1;1;0;0;0;0;0;1;1;0
0;0;1;2;0;0;1;2;2;2;1;0;1;0;0;0;1;0;0
0;1;0;2;0;1;1;2;0;1;1;3;0;0;0;0;0;0;0
1;1;0;2;0;0;1;2;2;2;1;0;0;0;0;0;0;1;0
0;0;0;2;0;1;1;0;0;1;0;0;0;0;0;0;0;1;0
1;1;0;2;1;1;1;0;0;0;1;0;0;0;1;0;0;1;1
0;0;0;2;1;1;1;2;1;2;1;0;0;0;0;0;0;1;0
0;0;0;2;1;1;1;0;2;2;1;0;0;0;0;0;1;0;0
0;0;0;2;1;1;1;0;1;1;1;0;0;0;0;0;0;0;0
1;0;0;2;1;1;1;0;2;2;1;0;0;0;0;0;0;0;0
0;1;0;2;1;0;1;0;1;2;1;0;0;0;0;0;1;0;0
0;0;0;2;1;1;1;0;1;1;1;2;0;0;0;0;1;0;0
1;0;0;2;1;0;1;1;2;2;1;0;0;0;0;0;1;1;0
1;0;0;2;1;1;1;0;0;0;1;0;0;0;0;0;1;1;0
0;0;1;1;0;1;0;0;0;0;1;2;0;0;0;0;1;0;0
0;1;1;1;0;0;1;1;0;1;1;0;0;0;0;0;0;1;0
0;0;1;1;0;1;0;2;1;2;1;2;0;0;0;0;1;1;0
0;0;1;1;0;1;1;0;1;2;1;4;0;0;0;0;0;0;0
0;0;1;1;0;1;0;0;0;1;0;2;0;0;0;0;1;1;0
0;1;1;1;0;1;1;0;0;0;1;0;0;0;0;0;0;1;0
0;0;1;1;0;1;0;0;1;1;0;2;0;0;0;0;1;1;0
0;1;1;1;0;1;1;2;1;2;1;0;1;0;0;0;0;1;0
0;0;1;1;0;1;1;0;0;0;1;0;0;0;0;0;1;1;0
0;0;1;1;0;1;1;0;0;0;1;3;1;0;0;0;0;1;0
1;0;1;0;0;0;0;0;0;0;1;2;0;0;0;0;1;0;0
1;1;1;0;0;1;1;1;1;1;1;0;0;0;0;0;0;0;0
0;1;1;0;0;1;1;2;1;2;1;0;0;0;0;0;1;1;0
1;0;1;0;0;1;0;0;0;0;1;2;0;0;0;0;1;0;0
1;0;1;0;0;1;1;0;1;1;1;0;1;0;0;0;1;0;0
0;1;1;0;0;1;1;0;0;0;1;1;0;0;0;0;0;0;0
0;1;1;0;0;1;1;2;2;2;1;0;0;0;1;0;0;0;1
0;0;1;0;0;0;0;2;1;1;1;2;0;0;0;0;1;0;0
1;1;1;0;0;1;1;2;1;2;1;3;0;0;0;0;0;1;0
0;1;1;0;0;0;1;2;1;2;1;3;0;0;0;0;0;1;0
0;0;1;0;1;0;0;0;0;0;1;2;0;0;0;0;1;1;0
1;1;1;0;1;1;1;2;1;2;0;0;1;0;0;0;1;0;0
0;1;1;0;1;0;1;1;0;1;1;1;0;0;0;0;0;0;0
0;1;1;0;1;1;1;1;0;1;1;0;0;0;0;0;0;0;0
1;1;1;0;1;1;1;1;2;2;1;1;1;0;1;0;1;0;0
0;1;1;0;1;1;1;2;0;1;1;3;0;0;0;0;0;1;0
1;1;1;0;1;1;1;0;1;2;1;3;0;0;0;0;1;1;0
0;1;1;0;1;1;1;2;1;2;1;0;1;0;1;0;1;1;0
1;1;1;0;1;0;1;0;1;1;0;0;0;0;0;0;0;1;0
1;0;1;0;1;1;1;0;0;2;1;0;0;0;0;0;1;1;0
0;1;0;3;0;0;1;0;2;2;0;3;0;0;0;0;0;0;0
1;1;0;3;0;0;1;2;1;1;1;0;0;0;0;0;0;1;0
1;1;0;3;0;1;1;0;2;2;1;0;0;0;0;0;0;0;0
0;1;0;3;0;0;1;2;1;2;1;0;0;0;0;0;0;0;0
0;1;0;3;0;1;1;2;1;1;1;0;0;0;0;0;0;0;0
0;0;0;3;0;0;1;0;0;0;0;0;0;0;0;0;1;1;0
0;1;0;3;0;1;1;2;1;2;1;0;0;0;0;0;1;1;0
0;1;0;3;0;0;1;0;0;0;0;1;0;0;0;0;0;1;0
1;1;0;3;0;0;1;2;2;2;0;0;1;0;0;0;0;1;0
1;1;0;3;0;0;1;2;1;2;1;3;0;0;0;0;0;1;0
0;1;0;3;0;1;1;0;1;1;1;0;0;0;0;0;0;1;0
0;1;0;3;0;1;1;2;0;0;1;1;0;0;0;0;0;1;0
0;1;0;3;0;1;1;0;0;1;1;0;0;0;0;0;1;1;0
1;0;0;3;0;0;0;0;1;1;0;2;1;0;0;0;1;0;0
0;0;0;3;0;1;1;0;2;2;1;0;0;0;0;0;1;1;0
0;1;0;3;0;1;1;0;1;2;1;0;0;0;0;0;0;0;0
0;1;0;3;0;0;1;2;1;1;1;1;0;0;0;0;1;1;0
0;0;0;3;0;0;1;0;2;2;1;0;1;0;0;0;0;0;0
0;1;0;0;0;1;1;1;1;2;1;4;0;0;0;0;0;1;0
1;1;0;0;0;1;1;2;1;1;1;3;1;0;0;0;1;1;0
0;1;0;0;0;1;1;2;2;2;0;0;0;0;0;0;0;0;0
0;1;0;0;0;1;1;2;1;2;1;0;0;0;1;0;0;1;0
0;1;0;0;0;0;1;2;1;2;1;0;0;0;0;0;0;1;0
0;1;0;0;0;0;1;1;0;2;1;1;0;0;0;0;0;1;0
0;1;0;0;0;1;1;2;1;2;0;0;0;0;0;0;1;1;0
0;1;0;0;0;1;1;2;2;2;1;0;0;0;0;0;1;1;0
0;0;0;0;0;1;1;2;1;1;1;0;0;0;0;0;0;0;0
1;1;0;0;0;0;1;2;2;2;1;0;0;0;1;0;0;1;0
0;1;0;0;0;1;1;2;0;1;1;3;0;0;0;0;0;0;0
0;1;0;0;0;1;1;2;1;1;1;0;0;0;0;0;0;1;0
0;1;0;0;0;0;0;2;1;1;1;2;0;0;1;0;1;0;1
1;0;0;0;0;0;1;0;1;1;0;0;1;0;0;0;0;0;0
0;1;0;0;0;1;1;2;2;2;1;0;0;0;1;0;0;1;1
0;1;0;0;0;1;1;2;2;2;1;0;0;0;0;0;0;0;0
1;1;0;0;0;1;1;2;1;1;1;3;0;0;0;0;0;1;0
1;1;1;1;1;1;1;1;2;2;0;0;1;0;0;0;1;0;0
0;0;1;1;1;0;1;2;1;1;1;0;0;0;0;0;0;1;0
1;0;1;1;1;1;1;0;1;1;1;0;0;0;0;0;0;1;0
1;0;1;1;1;0;1;1;1;1;1;0;0;0;0;1;1;1;0
1;0;1;1;1;0;1;0;2;2;0;4;1;0;0;0;1;0;0
0;1;1;1;1;0;1;2;1;2;1;3;0;0;0;0;1;1;0
1;0;1;1;1;1;1;2;0;2;0;0;0;0;0;0;0;0;0
0;0;1;1;1;1;1;1;2;2;1;0;0;0;0;0;0;1;0
0;1;1;1;1;1;1;1;1;2;0;0;0;0;0;0;0;0;0
0;0;1;1;1;1;0;0;1;0;0;2;0;0;0;0;1;1;0
0;0;1;1;1;1;1;2;0;0;1;0;0;0;0;0;0;1;0
0;1;1;1;1;1;1;1;2;2;0;0;0;0;0;0;0;1;0
0;1;1;1;1;1;1;2;2;2;1;0;0;0;0;0;0;1;0
0;1;1;1;1;1;1;1;2;2;1;0;0;0;0;0;0;1;0
0;1;1;1;1;1;1;0;1;1;1;0;0;0;0;0;0;1;0
1;0;1;1;1;1;0;0;0;0;1;2;0;0;0;0;1;1;0
1;1;1;1;1;1;1;0;1;1;1;1;0;0;0;0;0;1;0
1;0;1;1;1;1;0;0;1;1;0;2;0;0;0;0;1;0;0
0;1;1;1;1;0;1;2;2;2;1;0;0;0;0;0;0;0;0
0;1;1;1;1;1;1;1;1;2;1;0;0;0;0;0;0;1;0
1;1;1;1;1;1;1;0;2;2;1;0;0;0;0;0;1;1;0
1;0;1;1;1;0;0;0;1;1;0;2;1;0;0;0;1;1;0
0;0;1;1;1;1;1;0;1;1;1;0;0;0;0;0;1;0;0
0;0;1;0;1;1;0;2;1;1;0;2;0;0;0;0;1;0;0
1;1;1;0;1;0;1;0;2;2;1;0;0;0;0;0;0;1;0
1;0;1;0;1;1;1;0;2;2;0;0;1;0;0;0;0;0;0
0;1;1;0;1;0;1;0;0;1;1;4;0;0;0;0;0;0;0
0;0;1;0;1;1;1;0;0;0;1;0;0;0;0;0;0;0;0
0;1;1;0;1;1;1;0;2;1;1;0;0;0;0;0;1;0;0
0;1;1;0;1;1;1;0;1;2;0;0;0;0;0;0;1;1;0
0;1;1;0;1;0;1;0;2;2;1;0;0;0;1;1;0;0;0
0;1;1;0;1;1;1;0;1;1;1;0;0;0;0;0;0;0;0
0;0;1;0;1;1;1;0;2;1;0;0;0;0;0;0;1;1;0
1;0;1;0;1;0;1;0;2;2;1;3;0;0;0;0;0;0;0
0;1;1;0;1;1;1;0;2;1;1;0;0;0;0;0;1;1;0
1;1;1;0;1;1;1;0;1;2;0;0;0;0;1;0;0;1;0
1;0;1;0;1;0;0;0;2;2;0;0;1;0;1;0;1;0;0
1;1;1;0;1;0;1;2;0;1;1;0;0;0;0;0;1;1;0
0;0;1;0;1;0;1;0;2;2;0;0;0;0;0;0;0;0;0
0;1;1;0;1;1;1;0;1;2;1;0;0;0;0;0;0;0;0
1;1;1;0;1;0;1;0;1;2;1;1;0;0;0;0;0;0;0
1;0;1;0;1;1;1;0;2;2;1;0;0;0;0;0;1;0;0
0;0;1;0;1;1;1;0;1;1;1;4;0;0;0;0;1;0;0
0;0;1;0;1;0;0;2;1;0;1;2;0;0;0;0;1;1;0
0;1;1;0;1;1;1;0;1;2;1;4;0;0;0;0;1;0;0
0;1;1;0;1;1;1;0;1;2;0;0;1;0;0;0;1;1;0
1;0;1;0;1;1;1;1;2;2;1;3;1;0;0;0;1;0;0
1;0;1;0;1;1;1;0;2;1;0;0;0;0;0;0;1;1;0
0;0;1;0;1;1;0;1;1;1;1;2;0;0;0;0;0;0;0
1;0;1;0;1;1;1;0;2;2;1;0;0;0;0;0;0;1;0
0;0;1;0;1;1;1;0;1;1;1;3;0;0;0;0;1;1;0
0;1;1;0;1;1;0;0;0;0;0;2;0;0;0;0;1;1;0
0;0;1;0;1;0;1;0;1;0;1;0;0;0;0;0;1;0;0
0;0;1;0;1;1;1;0;1;1;1;3;0;0;0;0;1;1;0
0;1;1;0;1;1;1;2;1;1;1;2;0;0;0;0;0;1;0
0;1;1;0;1;1;1;1;1;1;1;0;0;0;0;0;1;1;0
1;1;1;0;1;1;1;0;2;2;1;0;0;0;0;0;0;0;0
0;1;1;0;1;1;1;2;0;2;1;0;0;0;1;0;0;0;0
1;1;1;0;1;0;1;1;2;2;1;0;0;0;0;0;1;0;0
0;0;1;0;1;0;0;0;1;2;1;2;0;0;1;0;1;1;0
1;0;1;0;1;0;1;0;2;2;0;0;0;0;0;0;0;0;0
0;1;1;0;1;0;1;0;1;1;1;0;0;0;0;0;0;1;0
0;0;1;0;1;0;1;0;1;1;1;0;0;0;0;0;0;0;0
1;1;1;0;1;0;1;0;2;2;1;0;0;0;0;0;0;1;0
0;1;1;0;1;1;1;2;1;2;1;0;0;0;0;0;0;1;0
1;1;1;0;1;1;1;0;2;1;0;0;1;0;0;0;1;1;0
0;1;0;0;0;0;1;2;1;2;1;0;0;0;0;0;0;1;0
1;1;0;0;0;1;1;2;1;1;1;0;0;1;0;0;0;0;0
1;1;0;0;0;0;1;2;2;2;1;0;0;0;0;0;0;1;0
1;1;0;0;0;0;1;0;2;2;1;1;0;0;0;0;0;1;0
1;1;0;0;0;1;1;0;0;0;0;0;0;1;0;0;1;1;0
0;1;0;0;0;0;1;0;2;2;1;0;0;0;0;0;0;0;0
0;1;0;0;0;1;1;2;1;2;1;0;0;0;0;0;0;0;0
0;1;0;0;0;0;1;0;1;1;1;0;0;0;1;0;1;1;1
0;1;0;0;0;1;1;2;1;0;1;1;0;1;0;0;1;0;0
1;0;0;0;0;0;1;1;2;2;1;0;1;0;0;0;0;0;0
0;0;0;0;0;0;1;0;2;2;1;1;1;0;0;0;0;1;0
1;1;0;0;0;0;1;0;1;1;1;0;0;1;0;0;0;1;0
0;1;0;0;0;1;1;2;1;1;1;3;0;0;0;0;0;0;0
0;1;0;0;0;1;1;0;1;2;0;0;0;0;0;0;0;1;0
0;0;0;0;0;0;1;2;1;1;1;0;0;0;0;0;0;1;0
0;0;0;0;0;1;1;2;1;1;1;1;0;0;0;0;0;1;0
0;0;0;0;0;1;1;0;1;1;1;0;0;0;0;0;0;1;0
1;1;0;0;0;1;1;2;2;2;1;0;0;0;0;0;0;0;0
1;1;0;0;0;0;1;2;2;2;1;0;0;0;0;0;0;1;0
0;1;0;0;0;1;1;2;0;1;1;0;0;0;0;0;0;1;0
0;1;0;0;0;0;1;2;2;2;1;1;0;0;1;0;0;1;0
0;1;0;0;0;1;1;2;1;1;1;0;0;0;0;0;0;1;0
0;1;0;0;0;0;1;2;2;1;1;0;0;0;0;0;0;0;0
0;1;0;0;0;1;1;2;1;1;1;1;0;0;0;0;0;0;0
1;1;0;0;0;0;1;2;2;2;1;0;0;0;0;0;0;0;0
0;1;0;0;0;1;1;2;1;1;1;0;0;0;0;0;0;0;0
0;1;0;0;0;0;1;2;1;2;1;0;0;0;0;0;0;0;0
1;1;0;0;0;1;1;2;0;0;1;1;0;0;0;0;0;0;0
1;1;0;0;0;1;1;2;2;1;1;3;0;0;0;0;0;1;0
0;1;0;0;0;0;1;2;1;2;1;3;0;0;0;0;0;1;0
0;1;0;0;0;1;1;2;0;0;1;3;1;0;0;0;1;0;0
1;1;0;0;0;1;1;2;1;1;1;0;0;0;0;0;0;0;0
1;1;0;0;0;1;1;2;1;1;1;1;0;0;0;0;0;0;0
0;1;0;0;0;1;1;2;2;2;0;0;0;0;1;0;1;1;0
1;0;1;1;1;1;1;2;0;1;1;3;0;0;0;0;0;0;0
0;1;1;1;1;1;0;2;1;1;1;2;0;0;0;0;1;1;0
1;0;1;1;1;1;1;0;0;2;1;0;0;0;1;0;0;0;0
0;1;1;1;1;1;1;2;1;2;1;0;0;0;0;0;0;1;0
0;0;1;1;1;1;1;2;1;1;0;0;0;0;1;0;0;1;0
0;0;1;1;1;1;0;2;1;1;0;2;0;0;0;0;1;1;0
1;0;1;1;1;1;1;0;1;0;1;0;0;0;0;0;0;0;0
0;0;1;1;1;1;0;0;0;0;1;2;0;0;0;0;1;1;0
0;0;1;1;1;1;0;0;2;2;1;2;0;0;0;0;1;0;0
0;0;1;1;1;0;0;0;2;2;1;2;0;0;0;0;1;0;0
0;0;1;1;0;0;0;0;1;1;1;2;0;0;1;0;1;0;0
0;0;1;1;1;0;1;0;0;0;1;0;0;0;0;0;0;1;0
0;1;1;1;1;1;1;0;1;1;1;4;0;0;0;0;1;1;0
0;0;1;1;1;1;0;2;1;1;0;2;0;0;0;0;1;1;0
0;0;1;1;1;1;0;0;1;1;0;0;0;1;1;0;1;0;1
0;0;1;1;1;0;1;0;0;0;1;0;0;0;0;0;0;0;0
0;0;1;1;1;1;1;1;2;2;1;0;0;0;0;0;0;1;0
0;0;1;1;1;1;0;0;1;2;1;2;0;0;1;0;1;0;0
0;0;1;1;1;1;1;0;1;1;1;0;0;0;0;0;0;1;0
1;0;1;1;1;1;1;2;1;2;1;2;0;0;0;0;1;1;0
0;1;1;1;1;0;1;2;0;1;1;3;0;0;0;0;0;0;0
0;0;1;1;1;1;1;0;1;1;1;4;0;0;0;0;0;1;0
0;0;1;1;1;0;1;0;1;1;1;3;0;0;0;0;0;1;0
0;0;1;1;1;1;0;2;1;0;0;2;0;0;0;0;0;1;0
0;0;1;1;1;0;1;2;1;1;1;3;0;0;0;0;1;1;0
0;1;1;1;0;0;1;2;2;2;1;0;0;0;0;0;0;1;0
1;0;1;1;0;1;1;0;2;1;0;1;0;0;0;0;1;0;0
1;1;1;1;0;1;1;0;1;2;1;4;0;0;0;0;0;1;0
0;0;1;1;0;1;1;2;0;1;1;0;0;0;0;0;1;1;0
0;0;1;1;0;1;1;2;0;0;1;0;0;0;0;0;0;1;0
0;1;1;1;0;1;1;2;0;2;1;1;0;0;0;0;0;1;0
0;1;1;1;0;1;1;1;1;1;1;0;0;0;0;0;0;1;0
1;0;1;1;0;0;0;0;0;0;1;2;0;0;0;0;0;1;0
0;1;1;1;0;1;0;2;1;0;1;2;0;0;0;0;1;1;0
0;0;1;1;0;1;1;0;0;0;1;4;1;0;0;0;0;1;0
0;0;1;1;1;0;0;0;0;0;1;2;0;0;0;0;1;1;0
0;1;1;1;1;0;1;1;1;1;1;3;0;0;0;0;0;1;0
0;1;1;1;1;1;1;0;2;0;1;0;0;0;0;0;0;1;0
0;1;1;1;1;1;1;2;1;2;1;4;0;0;0;0;1;0;0
0;1;1;1;1;1;1;0;1;0;1;4;0;0;0;0;0;0;0
0;1;1;1;1;1;1;1;2;2;1;0;0;0;0;0;0;1;0
0;0;1;1;1;1;1;1;2;2;1;0;0;0;0;0;0;1;0
0;1;1;1;1;1;1;1;1;1;1;0;0;0;0;0;0;1;0
0;0;1;1;1;1;0;2;0;1;1;2;0;0;0;0;1;1;0
0;0;1;1;1;0;1;0;1;1;1;4;0;0;0;0;0;1;0
0;0;1;1;1;1;1;2;0;1;1;4;0;0;0;0;0;1;0
0;1;1;0;0;0;1;0;2;2;0;0;0;0;0;0;0;1;0
1;0;1;0;0;1;0;0;1;1;1;2;0;0;0;0;1;1;0
0;1;1;0;0;1;1;2;1;1;0;0;0;1;0;0;1;1;0
0;1;1;0;0;1;1;2;0;2;1;0;0;0;0;0;1;1;0
0;1;1;0;0;0;1;2;1;1;1;0;0;0;0;0;0;1;0
0;1;1;0;0;0;1;2;0;0;1;0;1;1;1;1;0;1;1
0;0;1;0;0;0;1;1;1;1;1;0;0;0;1;0;0;1;0
0;1;1;0;0;1;1;2;1;1;1;0;0;0;0;0;0;1;0
0;1;1;0;0;0;1;2;0;0;1;0;0;0;0;0;0;1;0
0;1;1;0;0;1;1;2;2;2;1;0;0;0;0;0;0;1;0
0;1;1;0;0;1;1;2;2;2;1;0;0;0;0;0;0;1;0
0;1;1;0;0;1;1;0;1;1;1;0;0;0;0;0;0;1;0
0;0;1;0;0;1;1;0;2;2;1;4;0;0;0;0;0;1;0
0;1;1;0;0;1;1;2;1;1;1;3;0;0;0;0;1;1;0
0;1;1;0;0;1;1;2;0;0;1;0;1;0;0;0;0;1;0
0;1;1;0;0;0;1;2;1;1;1;0;0;0;0;0;0;1;0
0;1;1;0;0;0;1;2;1;2;1;0;0;0;1;0;0;1;1
0;1;1;0;0;1;1;2;0;0;1;0;0;0;0;0;0;1;0
0;1;1;0;0;0;1;2;0;2;1;0;0;0;0;0;0;0;0
1;0;1;1;1;1;1;0;0;0;1;4;0;0;0;0;0;1;0
0;0;1;1;1;0;1;1;2;1;0;0;0;0;0;0;0;0;0
0;1;1;1;1;1;1;0;0;1;1;0;0;0;0;0;0;0;0
0;0;1;1;1;1;1;1;0;0;1;0;0;0;0;0;0;1;0
0;0;1;1;1;0;1;0;1;1;0;0;0;0;0;0;0;0;0
0;1;1;1;1;1;1;0;1;2;1;1;0;0;0;0;1;1;0
0;0;1;1;1;1;1;0;0;1;1;0;0;0;1;0;1;1;1
1;1;1;1;1;1;1;2;1;1;1;3;0;0;0;0;0;0;0
0;1;1;1;1;1;1;2;0;1;1;0;0;0;0;0;1;0;0
1;1;1;3;1;1;1;0;2;2;0;0;0;0;0;0;0;1;0
1;1;1;3;1;0;1;0;2;2;1;0;0;1;0;0;0;0;0
0;1;1;3;1;0;1;0;2;2;0;3;0;0;0;0;1;0;0
1;1;1;3;1;1;1;0;2;2;0;4;1;1;0;0;1;0;0
0;1;1;3;1;0;1;0;2;2;1;0;0;0;0;0;0;1;0
0;0;1;3;1;0;1;2;2;2;1;3;0;0;0;0;0;0;0
0;1;1;3;1;0;1;0;2;2;0;0;0;0;0;0;1;0;0
0;1;1;3;1;1;1;2;0;2;1;3;0;0;0;0;0;1;0
0;0;1;3;1;0;1;0;0;1;1;3;0;0;0;0;0;1;0
1;0;1;1;1;1;1;2;1;1;1;4;0;0;0;0;0;1;0
0;0;1;1;1;0;0;2;1;1;1;2;0;0;0;0;1;0;0
0;1;1;1;1;0;1;0;0;2;0;0;0;0;0;0;0;0;0
0;1;1;1;1;1;1;0;0;0;0;1;0;0;1;0;0;0;1
0;1;1;1;1;1;1;0;1;1;0;1;0;0;0;0;0;0;0
1;0;1;1;1;1;1;2;2;1;1;0;0;0;0;0;0;1;0
0;0;1;1;1;0;1;0;1;1;1;3;0;0;1;0;1;1;0
0;1;1;1;1;1;1;0;1;1;1;0;0;0;0;0;1;0;0
1;0;1;1;1;1;0;0;0;0;1;2;0;0;0;0;1;1;0
1;0;1;1;0;1;1;1;1;1;1;0;0;0;0;0;1;1;0
0;1;1;1;0;0;1;2;1;2;1;0;0;0;1;0;0;1;1
0;1;1;1;0;1;1;2;2;1;1;0;0;0;0;0;1;1;0
0;0;1;1;0;0;1;0;0;1;1;0;0;0;0;0;0;0;0
0;0;1;1;0;0;1;0;1;1;0;2;0;0;0;0;1;0;0
1;1;1;1;0;0;1;0;0;1;1;0;0;0;0;0;0;1;0
1;0;1;1;0;0;0;1;1;2;1;2;0;0;0;0;1;0;0
0;1;1;1;1;1;1;0;1;1;1;1;0;0;0;0;0;1;0
0;1;1;1;1;0;1;0;1;2;0;0;0;0;0;0;1;1;0
0;0;1;1;1;0;1;2;1;2;0;4;0;0;1;0;1;1;1
0;1;1;1;1;0;1;0;2;2;0;0;0;0;0;0;1;1;0
0;0;1;1;1;1;1;2;1;2;1;0;0;0;0;0;1;1;0
0;1;1;1;1;1;1;2;2;2;1;3;0;0;0;0;0;0;0
0;0;1;1;1;0;0;1;1;1;1;2;0;0;0;0;1;1;0
1;0;1;1;0;0;1;1;1;1;1;0;0;0;0;0;0;0;0
0;0;1;1;0;1;1;0;0;0;1;0;0;0;0;0;0;1;0
0;1;1;1;0;1;1;0;1;2;1;3;0;0;0;0;1;1;0
1;0;1;1;0;1;1;2;0;0;1;0;1;0;0;0;0;0;0
0;1;1;1;0;0;1;0;1;2;0;0;1;0;0;0;0;0;0
0;1;1;1;0;0;1;0;1;1;1;1;0;0;0;0;0;1;0
1;1;1;1;0;1;1;0;2;1;1;1;0;0;1;0;0;1;0
1;0;1;3;1;1;1;0;0;2;1;0;0;0;0;0;0;0;0
0;1;1;3;1;1;1;0;2;2;1;0;0;0;0;0;0;1;0
1;1;1;3;1;1;1;0;1;2;0;0;0;0;0;0;0;1;0
1;0;1;3;0;1;1;0;0;1;0;0;0;0;0;0;0;0;0
1;1;1;3;1;0;1;0;2;2;1;0;0;0;0;0;0;1;0
1;0;1;3;1;0;1;1;2;2;1;0;0;0;0;0;0;0;0
1;0;1;3;1;0;1;0;1;1;1;0;0;0;0;0;1;0;0
0;0;1;3;1;0;1;2;1;2;1;0;0;0;0;0;0;1;0
0;1;1;3;1;0;1;0;1;1;1;0;0;0;0;0;0;1;0
0;1;1;3;1;1;1;2;1;1;1;0;0;0;0;0;0;1;0
0;1;1;3;1;1;1;0;2;2;1;0;0;0;0;0;0;1;0
1;0;1;3;1;1;1;0;0;0;1;0;0;0;0;0;1;0;0
0;0;1;3;1;1;1;0;0;0;1;0;0;0;0;0;0;1;0
0;0;1;3;1;1;1;2;0;2;1;0;0;0;0;0;0;1;0
0;0;0;0;0;1;1;2;1;1;1;0;0;0;0;0;0;1;0
0;0;0;0;0;0;1;2;0;0;1;0;0;0;0;0;0;1;0
0;0;0;0;0;0;1;2;1;2;1;0;0;0;0;0;0;1;0
0;1;0;0;0;0;1;2;1;2;1;3;0;0;0;0;0;1;0
0;1;0;0;0;1;1;2;1;1;1;1;0;0;0;0;0;1;0
1;1;0;0;0;0;1;2;1;2;0;4;0;0;0;0;0;1;0
0;1;0;0;0;0;1;2;2;1;0;0;0;0;1;0;0;1;0
0;1;0;0;0;1;1;2;2;1;1;0;0;0;0;0;0;1;0
0;1;0;0;0;0;1;2;2;1;1;3;0;0;0;0;0;1;0
0;1;0;3;0;0;1;1;2;2;0;0;0;0;0;0;0;1;0
1;1;0;3;0;1;1;2;2;2;0;3;0;0;0;0;0;1;0
0;1;0;3;0;1;1;2;1;2;0;0;0;0;0;0;0;0;0
0;0;0;3;0;1;1;0;1;1;1;0;0;0;0;0;0;1;0
1;1;0;3;0;1;1;2;1;2;1;0;1;1;0;0;0;0;0
0;0;0;3;0;0;1;2;0;2;1;0;0;0;0;0;1;1;0
1;1;0;3;0;0;1;0;1;2;1;0;1;0;0;0;0;1;0
0;1;0;3;0;1;1;2;2;2;0;0;0;0;0;0;0;1;0
1;1;0;3;0;0;1;2;2;2;0;0;1;0;0;0;1;1;0
1;0;0;3;0;0;1;1;1;1;1;0;0;0;0;0;0;1;0
0;0;0;3;0;1;1;0;1;1;1;0;0;0;0;0;0;0;0
0;0;0;3;1;1;1;1;1;2;1;0;0;0;0;0;0;1;0
0;0;0;3;1;1;1;0;0;1;1;0;0;0;1;0;0;1;0
1;0;1;3;1;1;1;0;2;1;1;4;0;0;0;0;0;1;0
0;1;0;3;1;0;1;0;2;2;1;0;0;0;0;0;1;1;0
0;1;0;3;1;1;1;0;0;0;1;3;0;0;0;0;0;1;0
0;0;0;3;1;0;1;2;0;0;1;0;0;0;0;0;1;0;0
0;0;1;3;1;1;1;0;1;2;0;0;0;0;0;0;0;1;0
0;0;1;3;1;1;1;1;1;0;0;2;0;0;0;0;0;1;0
0;0;1;3;1;1;1;0;1;1;0;0;0;1;0;0;0;1;0
0;0;1;3;1;1;0;2;1;1;1;2;0;0;0;0;1;1;0
0;0;1;3;1;0;1;0;1;1;1;0;0;0;1;0;0;0;0
0;0;1;3;1;0;1;0;0;1;0;0;1;0;0;0;1;1;0
0;0;1;2;0;1;0;2;0;1;1;2;0;0;0;0;0;1;0
0;0;1;2;0;1;1;1;0;0;0;0;0;0;0;0;0;0;0
0;1;1;2;0;1;1;2;1;2;0;0;0;1;0;0;0;1;0
0;1;1;2;0;0;1;0;1;1;0;0;0;0;0;0;0;0;0
0;1;1;2;0;1;1;0;2;2;1;0;0;0;0;0;0;1;0
0;0;1;2;0;1;1;0;0;1;0;0;1;0;0;0;1;1;0
0;1;1;2;0;1;1;2;0;2;1;4;0;1;1;0;0;1;0
1;1;1;2;0;0;1;1;2;2;0;0;0;0;0;0;1;0;0
0;1;1;2;0;1;1;2;2;2;1;0;0;0;0;0;1;0;0
0;1;1;2;0;1;1;2;2;2;1;0;0;0;0;0;0;1;0
0;1;1;2;0;1;1;2;2;2;1;0;0;0;0;0;0;0;0
0;1;1;2;0;1;1;2;0;0;1;0;0;0;0;0;0;1;0
0;0;1;2;0;1;1;0;0;0;1;0;0;0;0;0;0;0;0
0;0;1;2;0;1;1;0;0;0;1;0;0;0;0;0;0;1;0
0;0;1;2;0;1;0;2;0;2;0;2;0;0;0;0;1;0;0
0;1;1;2;0;1;1;0;0;0;1;3;0;0;0;0;0;1;0
1;1;0;0;0;0;1;2;1;2;1;0;0;0;0;0;0;0;0
0;1;0;0;0;1;1;2;1;1;1;1;0;0;0;0;0;0;0
0;1;0;0;0;1;1;0;1;2;1;0;0;0;0;0;0;1;0
1;0;0;0;0;0;1;2;0;2;1;0;0;0;1;0;0;1;0
0;0;0;0;0;1;1;2;1;1;0;0;0;0;0;0;0;0;0
0;1;0;0;0;1;1;2;1;1;1;1;0;0;0;0;0;1;0
0;0;0;0;0;1;0;2;1;0;1;2;0;0;0;0;0;1;0
1;1;0;1;0;1;1;0;1;0;0;0;0;1;0;0;0;0;0
0;1;0;1;0;1;1;1;1;1;1;0;0;0;1;0;0;0;0
0;1;0;1;0;0;1;0;0;1;1;0;0;0;0;0;1;1;0
0;1;0;1;0;1;1;2;1;1;1;0;0;0;0;0;1;1;0
0;0;0;1;0;0;1;0;1;1;1;0;0;0;0;0;0;1;0
0;1;0;1;0;0;1;2;0;1;1;0;0;0;1;0;0;1;1
1;1;0;1;0;0;1;0;0;1;1;1;0;0;1;0;0;1;0
0;1;0;1;0;0;1;2;1;1;1;0;0;0;0;0;0;0;0
0;1;0;1;0;1;1;1;2;2;1;3;0;0;0;0;0;1;0
0;0;1;1;1;1;1;2;2;2;1;0;0;0;0;0;0;0;0
1;0;0;1;1;1;1;2;1;2;0;0;0;0;0;0;0;0;0
1;0;0;1;1;1;1;0;0;2;1;0;0;0;0;0;0;1;0
1;0;0;1;1;1;1;2;2;2;1;0;0;0;0;0;0;1;0
1;0;0;1;1;0;1;1;2;2;0;0;1;0;0;0;1;1;0
0;0;0;1;1;0;1;0;1;2;0;0;0;0;0;0;1;1;0
0;0;0;1;1;1;1;1;1;1;1;0;0;0;0;0;1;1;0
0;0;0;1;1;1;1;2;1;2;1;3;0;0;0;0;0;1;0
0;1;0;1;1;1;1;2;2;2;0;0;0;0;0;0;0;1;0
0;1;0;1;1;1;1;2;1;0;1;0;0;0;1;0;0;1;1
1;0;0;1;1;1;1;2;1;1;0;0;0;0;0;0;0;0;0
0;0;0;1;1;0;1;0;2;2;1;0;0;0;0;0;0;1;0
0;1;0;1;1;0;1;2;0;0;1;0;0;0;0;0;1;1;0
0;1;0;1;1;1;1;2;0;0;1;0;0;0;0;0;0;0;0
1;0;0;1;1;1;1;0;2;2;1;0;0;1;0;0;0;0;0
0;0;0;1;1;1;1;1;1;1;1;0;0;0;0;0;0;0;0
0;0;0;1;1;1;1;1;1;1;1;0;0;0;0;0;0;0;0
0;0;0;3;0;1;1;1;1;1;1;0;0;0;1;0;0;1;0
0;0;0;3;0;1;1;0;1;2;1;0;0;1;0;0;1;1;0
0;1;0;3;0;1;1;2;0;1;1;3;0;0;0;0;0;1;0
1;0;0;3;0;1;1;0;1;1;1;0;1;0;0;0;0;0;0
1;1;0;3;0;0;1;2;2;2;0;0;0;0;0;0;0;1;0
0;1;0;3;0;1;1;0;1;2;1;0;0;0;0;0;0;1;0
0;1;1;3;0;1;1;2;2;2;1;0;0;0;0;0;0;1;0
0;0;1;3;0;1;1;0;0;0;1;0;0;0;0;0;0;0;0
1;1;1;3;0;1;1;0;2;2;1;0;0;0;0;0;1;1;0
0;0;1;3;0;0;1;2;0;2;0;3;0;0;0;0;1;0;0
0;1;1;3;0;0;1;0;1;1;1;1;0;0;0;0;0;1;0
0;1;1;3;0;0;1;0;1;1;1;0;0;0;0;0;0;0;0
0;1;1;3;0;0;1;0;2;2;1;0;0;0;0;0;0;1;0
0;1;1;3;0;1;0;0;2;2;1;0;0;1;0;0;0;0;0
1;1;1;3;0;1;1;0;2;2;1;0;0;0;0;0;0;1;0
1;0;1;3;0;1;1;0;0;1;0;0;0;0;0;0;0;1;0
1;1;1;3;0;1;1;2;2;2;1;0;0;0;0;0;1;1;0
1;0;1;3;0;0;1;0;2;1;1;0;0;0;0;0;0;1;0
0;0;0;3;1;1;1;2;0;1;0;0;0;0;0;0;0;1;0
0;1;0;3;1;0;1;0;1;2;1;3;0;0;0;0;0;1;0
0;1;0;3;1;0;1;2;2;2;1;4;0;0;0;0;0;1;0
1;1;0;3;1;1;1;2;2;2;1;3;0;0;0;0;0;0;0
1;1;0;3;1;0;1;0;2;2;1;0;0;1;0;0;1;1;0
1;1;0;3;1;1;1;0;2;2;1;1;0;0;0;0;0;0;0
1;0;0;3;1;1;1;2;2;2;1;0;0;0;0;0;1;0;0
1;1;0;3;1;1;1;2;2;2;0;0;1;0;0;0;1;0;0
1;1;0;3;1;0;1;0;2;2;1;0;1;0;0;0;0;0;0
0;1;0;3;1;1;1;0;2;0;1;0;0;0;0;0;0;0;0
0;1;0;3;1;0;1;0;2;2;1;0;0;1;1;0;1;0;1
0;1;1;3;1;1;1;0;2;2;1;0;0;0;0;0;0;1;0
1;0;0;3;1;1;1;0;2;2;1;0;1;0;0;0;1;1;0
0;1;0;3;1;0;1;2;2;2;1;0;0;0;0;0;0;0;0
1;1;0;3;1;1;1;0;2;2;1;0;0;0;0;0;0;0;0
0;0;0;3;1;0;1;0;2;2;1;0;0;0;1;0;0;0;0
1;0;0;3;1;0;1;0;1;1;1;0;0;0;0;0;0;1;0
1;1;0;3;1;0;1;0;2;2;1;0;1;1;1;0;1;0;0
0;1;0;3;1;1;1;0;2;1;1;0;0;0;0;0;0;0;0
1;1;0;3;1;1;1;0;2;2;1;0;1;0;0;0;1;0;0
0;1;0;3;1;0;1;2;2;2;1;0;0;0;0;0;0;1;0
0;1;0;3;1;0;1;2;2;2;0;0;0;0;0;0;0;0;0
0;0;0;3;1;1;1;2;2;2;0;0;0;0;0;0;0;1;0
1;1;0;3;1;0;1;0;2;1;0;0;0;0;1;0;0;1;0
0;1;0;3;1;0;1;2;2;2;0;0;0;0;0;0;0;0;0
0;0;0;3;1;0;1;0;2;2;1;4;0;0;0;0;0;0;0
1;1;0;3;1;1;1;2;2;2;1;1;0;0;0;0;0;1;0
0;1;0;3;1;0;1;0;1;2;1;3;0;0;0;0;0;1;0
1;0;0;3;1;0;1;2;2;2;1;0;0;0;0;0;0;0;0
0;1;0;3;1;0;1;0;2;2;0;0;0;0;0;0;0;1;0
0;0;0;2;1;1;1;2;1;1;1;0;0;0;0;0;0;1;0
1;0;0;2;1;1;1;0;1;2;0;0;0;0;0;0;0;0;0
1;0;0;2;1;1;1;0;1;1;0;4;1;0;1;0;1;1;0
0;1;0;2;1;0;1;2;2;2;1;0;0;0;0;0;0;1;0
0;1;0;2;1;1;1;2;1;1;1;1;0;0;0;0;0;0;0
0;1;0;2;1;0;1;2;0;0;0;3;0;0;0;0;0;0;0
0;1;0;2;1;0;1;2;1;2;1;0;0;0;0;0;0;1;0
0;1;0;2;1;0;0;2;1;1;0;2;0;0;0;0;0;1;0
0;0;0;2;1;0;1;2;1;2;1;0;0;0;0;0;0;1;0
1;0;0;2;1;0;0;0;1;1;1;0;0;0;0;0;0;1;0
0;1;0;2;1;1;1;2;1;1;1;3;0;0;0;0;0;0;0
1;0;0;2;1;1;1;0;2;2;1;0;0;0;0;0;0;0;0
1;1;0;2;1;1;0;2;2;2;0;3;0;1;0;0;1;1;0
0;0;0;2;1;1;1;2;2;2;1;0;0;0;0;0;0;0;0
0;1;0;2;1;1;1;0;1;1;1;4;0;0;0;0;1;1;0
0;0;0;2;1;1;1;2;1;1;1;1;0;0;0;0;0;0;0
0;1;0;2;1;0;1;2;2;2;0;3;0;0;0;0;0;0;0
0;0;0;2;1;1;1;1;1;1;1;3;0;0;0;0;1;0;0
0;1;0;2;1;1;1;2;2;2;1;4;0;0;0;0;1;0;0
0;0;0;2;1;0;1;2;2;2;1;0;0;0;0;0;0;0;0
1;0;0;2;1;1;1;1;2;1;1;0;1;0;0;0;1;1;0
0;1;0;2;1;0;1;2;1;0;1;0;0;0;0;0;0;1;0
0;1;0;2;0;0;1;2;1;1;1;0;0;0;0;0;0;0;0
0;0;0;2;0;1;1;0;2;1;1;0;0;0;0;0;1;0;0
0;1;0;2;0;1;1;2;2;2;1;4;0;0;0;0;0;0;0
0;1;0;2;0;0;1;2;1;1;1;0;0;0;0;0;0;1;0
0;1;0;2;0;1;1;2;1;1;1;0;0;0;0;0;0;1;0
0;1;0;2;0;0;1;0;1;2;1;3;0;0;0;0;0;0;0
0;0;0;2;0;0;0;2;1;1;1;2;0;0;0;0;1;0;0
0;1;0;2;0;0;1;2;1;1;1;0;0;0;0;0;1;1;0
0;1;0;2;0;1;1;0;1;2;1;3;0;0;0;0;0;0;0
0;0;0;2;0;1;0;2;0;1;1;2;0;0;0;0;1;1;0
0;0;0;2;0;0;1;0;1;1;1;2;0;0;0;0;0;0;0
0;1;0;2;0;1;1;2;1;1;1;3;0;0;0;0;0;0;0
0;0;0;2;0;0;0;2;0;1;1;2;0;0;0;0;1;0;0
0;1;0;2;0;0;1;2;0;1;1;3;0;0;0;0;0;1;0
0;0;0;2;0;0;0;2;1;2;1;3;0;0;1;0;1;1;0
1;0;1;1;1;1;1;0;0;2;1;0;1;0;0;0;1;1;0
1;0;1;1;1;1;0;0;1;1;0;2;0;0;0;0;1;1;0
0;1;1;1;1;1;1;0;2;2;1;0;0;0;0;0;1;1;0
1;1;1;1;0;1;1;0;0;1;1;0;0;0;0;0;0;0;0
1;1;1;1;1;0;1;0;1;2;1;0;0;0;0;0;1;1;0
0;0;1;1;1;0;1;0;0;1;1;0;0;1;1;0;1;1;0
0;0;1;1;1;0;0;2;0;0;0;2;0;0;0;0;1;0;0
0;1;1;1;1;0;1;1;2;2;1;0;0;0;0;0;0;0;0
0;0;1;1;1;1;1;0;1;1;0;0;0;0;0;0;0;1;0
0;1;1;1;1;0;1;1;2;2;1;0;0;0;0;0;0;1;0
0;1;1;1;1;1;1;1;2;2;1;0;0;0;0;0;1;1;0
0;1;1;1;0;1;1;1;1;2;1;0;0;0;0;0;0;1;0
1;1;1;1;0;1;1;0;2;1;1;0;0;0;0;0;0;0;0
1;1;1;1;0;1;1;0;2;2;0;0;0;0;0;0;0;0;0
1;0;1;1;0;0;1;0;2;1;1;3;1;0;0;0;1;1;0
1;1;1;1;0;1;1;0;1;2;1;0;0;0;0;0;0;1;0
0;1;1;1;0;1;1;0;0;0;1;3;0;0;0;0;0;1;0
1;0;1;1;0;1;1;0;1;1;0;3;0;0;0;0;1;1;0
0;1;1;1;0;0;1;0;1;1;0;1;0;0;0;0;1;0;0
0;1;1;1;0;1;1;0;1;1;1;1;0;0;0;0;0;0;0
0;1;1;1;0;1;1;0;2;2;1;0;0;0;0;0;0;1;0
0;0;1;1;0;0;0;1;0;1;1;2;0;0;0;0;1;1;0
1;1;1;1;0;0;1;0;2;2;1;0;1;1;0;0;0;1;0
0;0;1;1;0;1;1;0;2;1;1;0;0;0;0;0;0;1;0
0;0;1;1;0;1;1;0;1;1;1;0;0;0;0;0;0;1;0
0;1;1;1;0;1;1;2;0;2;1;0;0;0;0;0;0;1;0
0;0;1;1;0;1;0;0;1;1;1;0;0;0;0;0;1;1;0
0;1;1;1;0;0;1;0;0;2;1;0;0;0;0;0;1;1;0
0;1;1;1;0;0;1;0;1;1;1;3;0;0;0;0;0;1;0
1;0;1;1;0;1;1;0;1;0;1;0;0;0;0;0;0;1;0
0;0;1;1;1;0;1;1;2;2;1;0;0;0;0;0;0;0;0
0;0;1;1;1;1;1;2;0;0;1;0;0;0;1;0;0;0;0
0;0;1;1;1;1;1;0;1;1;1;4;0;0;0;0;0;1;0
0;0;1;1;1;0;1;1;2;2;1;0;0;0;0;0;1;1;0
0;0;1;1;1;1;1;1;0;1;1;4;0;0;0;0;0;0;0
0;0;1;1;1;1;1;0;1;0;1;0;0;0;0;0;0;1;0
0;0;1;1;1;1;0;0;1;0;1;2;0;0;0;0;1;0;0
1;0;0;3;0;1;1;0;0;0;0;4;0;0;0;0;1;0;0
0;1;0;3;0;1;1;2;2;1;1;0;0;0;0;0;0;0;0
0;0;0;3;0;1;1;0;0;1;1;3;0;0;0;0;0;0;0
0;1;0;3;0;0;1;2;2;1;1;0;0;0;0;0;0;1;0
0;1;0;3;0;1;1;0;1;1;0;1;0;0;0;0;0;1;0
0;0;0;3;0;1;0;2;0;0;1;2;0;0;0;0;1;1;0
1;0;0;3;0;0;1;0;2;2;1;0;1;0;0;0;0;1;0
0;0;0;3;0;0;0;2;0;0;1;2;0;0;0;0;0;1;0
0;1;0;3;0;0;1;2;0;1;1;0;0;0;1;0;1;1;1
0;1;0;3;0;0;1;0;2;2;1;0;1;0;0;0;1;1;0
0;1;0;3;0;1;1;2;1;2;1;3;0;0;0;0;0;1;0
0;1;0;3;0;1;0;2;2;2;1;0;0;0;0;0;0;1;0
0;1;0;3;0;1;1;2;2;2;0;0;0;0;0;0;0;1;0
0;0;0;3;0;1;1;0;2;2;1;0;1;0;0;0;0;1;0
0;0;0;3;0;1;0;1;1;1;1;0;0;0;0;0;1;1;0
1;0;1;1;0;0;1;0;1;2;1;0;0;0;0;0;0;1;0
0;1;1;1;0;1;1;2;0;2;1;0;0;0;0;0;1;1;0
1;1;1;1;0;1;1;2;1;1;0;0;1;0;0;0;0;1;0
0;1;1;1;0;0;1;2;0;0;1;3;0;0;0;0;0;1;0
0;1;1;1;0;1;1;0;1;0;0;1;0;0;0;0;0;0;0
0;1;1;1;0;1;1;2;2;2;0;0;0;0;1;0;1;1;0
1;0;1;1;0;1;1;0;0;1;1;0;1;0;0;0;0;1;0
0;1;1;1;0;1;1;1;1;0;1;3;0;0;0;0;1;0;0
0;1;1;1;0;1;1;2;1;1;1;0;0;0;0;0;0;1;0
0;1;1;1;0;1;1;2;1;2;1;0;0;0;0;0;0;1;0
0;1;1;1;0;1;1;2;2;2;0;0;0;0;0;0;1;0;0
1;1;1;1;0;1;1;2;0;0;1;0;0;0;1;0;0;1;0
1;1;1;1;0;1;1;0;1;1;1;0;0;0;0;0;0;1;0
0;1;1;1;0;1;1;0;2;2;0;0;0;0;0;0;0;0;0
1;1;1;1;0;1;1;0;0;0;1;4;0;0;0;0;0;1;0
0;1;1;1;0;1;1;2;1;0;1;0;0;0;0;0;0;1;0
1;1;1;1;0;1;1;2;1;1;1;0;0;0;0;0;0;1;0
1;0;1;1;0;1;0;0;1;1;1;2;0;0;0;0;1;1;0
0;1;1;1;0;1;1;2;0;1;1;1;0;0;0;0;0;1;0
0;0;1;1;0;1;1;0;1;1;1;0;0;0;0;0;0;0;0
0;0;0;1;1;1;0;0;0;0;1;2;0;0;0;0;1;0;0
0;0;0;1;1;1;0;1;1;1;1;2;0;0;0;0;1;1;0
0;0;0;1;1;1;1;2;0;0;1;4;0;0;0;0;1;1;0
0;0;0;1;1;1;0;2;0;1;1;2;0;0;0;0;1;0;0
0;0;0;1;1;0;1;1;1;2;1;2;0;0;0;0;1;1;0
0;1;0;1;1;0;0;2;0;0;1;2;0;0;1;0;1;0;0
1;0;0;1;1;0;1;2;2;2;1;0;0;0;0;0;0;1;0
0;1;0;1;1;1;1;1;2;1;1;0;0;0;0;0;0;1;0
0;1;0;1;1;0;1;2;2;2;0;0;0;1;0;0;1;1;0
1;0;0;1;1;0;0;1;0;0;1;2;0;0;0;0;0;0;0
0;1;0;1;1;0;0;1;1;2;1;4;1;0;0;0;1;1;0
1;0;0;1;1;0;1;1;2;1;1;0;1;0;0;0;1;0;0
0;0;0;0;0;0;1;2;0;2;1;0;0;0;0;0;1;1;0
0;1;0;0;0;1;1;2;1;1;1;0;0;0;0;0;0;1;0
1;1;0;1;0;1;1;2;0;0;1;0;0;0;0;0;0;1;0
0;0;1;1;0;0;0;0;1;1;1;2;0;0;0;0;1;1;0
0;0;1;1;0;0;0;2;0;0;1;2;0;0;0;0;1;1;0
1;0;1;1;0;0;0;0;1;0;0;2;0;0;0;0;1;1;0
0;0;1;1;0;1;0;0;0;0;1;2;0;0;0;0;1;1;0
1;0;1;1;0;0;0;0;0;1;1;2;0;0;0;0;1;1;0
0;1;1;1;0;0;1;2;2;2;1;0;0;0;0;0;0;1;0
0;1;1;1;0;0;1;2;2;2;0;0;0;0;0;0;0;0;0
0;0;1;1;0;0;1;0;1;0;1;4;0;0;0;0;1;1;0
0;0;1;1;0;0;1;2;0;2;1;0;0;0;0;0;0;1;0
0;0;1;1;0;1;1;0;1;1;1;0;0;0;0;0;0;1;0
1;0;1;1;0;1;0;0;1;2;0;2;1;0;0;0;1;1;0
0;0;1;3;0;1;0;2;1;2;1;2;0;1;0;0;1;0;0
1;0;1;3;0;0;1;0;0;1;1;4;0;0;0;0;1;0;0
0;1;1;3;0;1;1;0;0;1;1;3;0;0;1;0;1;1;0
0;0;1;3;0;1;1;1;1;2;1;0;0;0;0;0;1;0;0
1;1;1;3;0;1;1;0;1;2;1;0;0;0;0;0;1;1;0
1;0;1;3;0;1;0;0;0;0;0;2;0;0;0;0;1;1;0
0;1;1;3;0;1;1;0;1;2;1;1;0;0;1;0;0;1;0
1;1;1;3;0;1;1;2;0;2;1;0;0;0;1;0;0;1;0
1;0;0;3;0;0;1;0;2;2;0;4;1;0;0;0;1;1;0
0;0;0;3;0;0;1;2;0;1;1;4;0;0;0;0;1;1;0
0;1;0;3;0;1;1;0;1;2;1;0;0;0;0;0;0;1;0
1;0;0;3;0;1;1;0;2;1;1;0;1;0;0;0;1;0;0
0;1;0;3;0;1;1;0;1;1;1;0;1;0;0;0;0;1;0
1;0;1;2;1;1;1;0;1;0;1;0;0;0;0;0;1;1;0
0;0;1;2;1;1;1;0;0;0;1;2;0;0;0;0;1;0;0
0;0;1;2;1;0;0;0;0;0;0;2;0;0;0;0;1;0;0
1;1;1;2;1;1;1;0;1;0;1;0;1;0;0;0;0;1;0
0;1;1;2;0;1;1;2;2;2;1;0;0;0;0;0;0;1;0
1;0;1;2;1;1;1;0;0;0;1;0;0;0;0;0;1;1;0
1;0;0;2;1;1;0;0;0;1;1;2;1;0;0;0;1;0;0
0;1;1;2;1;1;1;0;1;1;1;3;0;0;0;0;0;0;0
0;1;1;1;0;0;1;2;0;0;1;4;0;0;0;0;0;1;0
1;1;1;2;0;1;1;2;0;1;1;0;0;0;0;0;1;0;0
0;0;1;2;0;1;0;0;1;1;1;2;0;0;0;0;0;0;0
0;1;1;1;1;1;1;2;0;0;1;0;0;0;0;0;0;1;0
0;0;1;1;0;1;1;2;1;1;0;1;0;0;0;0;0;1;0
0;0;1;1;0;1;1;0;2;1;1;0;1;0;0;0;0;0;0
0;1;1;1;0;1;1;1;0;0;1;0;0;0;0;0;0;0;0
1;1;1;1;1;0;1;2;1;2;1;0;0;0;0;0;0;0;0
1;0;1;1;1;0;0;0;1;1;1;2;0;0;0;0;1;1;0
1;1;1;2;0;0;1;2;1;1;1;1;0;0;0;0;0;1;0
0;0;1;2;0;1;1;1;1;1;1;4;0;0;1;0;1;0;0
0;1;1;2;0;1;1;0;0;1;1;1;0;0;0;0;0;0;0
1;1;1;2;0;0;1;2;1;1;1;0;0;0;0;0;0;1;0
1;1;1;2;0;0;0;0;2;2;1;1;0;0;0;0;1;0;0
1;0;1;2;0;0;1;0;0;1;1;0;0;0;0;0;0;1;0
1;0;1;2;0;0;1;2;1;0;1;0;0;0;0;0;0;1;0
0;0;1;1;0;0;0;2;0;0;1;2;0;0;0;0;1;1;0
0;1;1;1;0;1;1;0;0;1;1;0;0;0;1;0;1;0;0
1;0;1;1;0;1;1;0;0;0;1;0;0;0;0;0;0;1;0
0;1;1;2;0;1;1;2;1;1;1;3;0;0;0;0;0;1;0
1;0;1;1;0;1;1;2;1;1;1;0;0;0;0;0;0;1;0
0;1;1;1;0;0;1;2;0;1;1;3;0;0;0;0;0;1;0
0;1;1;1;0;1;1;1;0;0;1;0;0;1;1;0;0;1;1
0;0;1;1;0;1;1;2;1;1;1;0;1;0;1;1;1;0;0
0;0;1;1;0;1;0;0;0;0;1;2;0;0;0;0;1;1;0
1;0;1;1;1;1;1;0;1;2;1;0;0;0;0;0;0;0;0
1;0;1;1;1;1;1;0;1;1;1;2;0;0;0;0;1;0;0
1;0;1;1;1;1;1;0;0;0;0;3;1;0;0;0;0;1;0
0;1;1;1;1;1;1;2;1;1;1;0;1;0;0;0;0;1;0
1;1;1;2;0;1;1;2;0;1;1;1;1;0;0;0;0;1;0
1;1;1;2;0;0;1;0;2;2;1;4;0;0;0;0;0;0;0
0;1;1;2;0;1;1;2;1;1;1;0;0;0;0;0;0;0;0
1;0;1;2;0;0;1;0;0;2;1;0;1;0;0;0;1;0;0
1;1;1;2;0;0;1;2;0;2;1;0;0;0;0;0;0;0;0
0;1;1;1;0;0;1;0;1;2;0;0;0;0;0;0;0;1;0
1;0;1;2;1;0;1;0;0;0;1;3;0;0;1;0;0;1;0
0;1;1;2;1;1;1;0;1;1;1;3;0;0;0;0;1;0;0
0;1;1;2;1;1;1;0;2;2;1;0;0;0;1;0;0;1;0
1;0;1;2;1;1;1;0;1;1;1;0;1;0;0;0;1;0;0
1;1;1;2;1;1;1;1;1;0;1;0;0;0;0;0;0;0;0
1;0;1;2;1;1;0;0;1;1;1;2;0;0;0;0;1;1;0
1;1;1;3;0;0;1;2;2;2;0;4;0;0;0;0;0;0;0
0;0;1;3;0;0;1;0;1;1;1;0;0;0;0;0;1;1;0
0;0;1;3;1;1;0;0;1;1;0;2;0;0;0;0;1;1;0
1;1;1;3;0;0;1;1;2;1;0;0;0;0;0;0;0;0;0
1;1;1;3;0;1;1;0;2;2;1;0;0;0;0;0;0;1;0
1;1;1;3;0;0;1;0;0;2;1;3;0;0;0;0;0;1;0
1;0;1;3;0;1;1;0;2;1;1;1;0;0;0;0;0;0;1
0;1;1;3;0;1;1;0;1;2;1;3;0;0;0;0;0;1;0
0;1;1;3;0;0;1;2;0;0;1;3;0;0;0;0;0;0;0
1;1;1;3;0;0;1;0;0;1;1;3;0;0;0;0;0;0;0
0;1;1;3;0;1;1;0;1;2;1;4;0;0;0;0;0;1;0
0;1;1;3;0;1;1;0;1;1;1;0;0;0;0;0;0;0;0
0;1;1;3;0;1;1;0;1;1;1;0;0;0;0;0;1;1;0
0;1;1;3;1;1;1;0;1;1;1;3;0;0;0;0;0;1;0
1;0;1;3;1;1;0;0;0;0;1;2;1;0;0;0;1;0;0
0;0;1;3;1;1;1;0;0;1;1;0;0;0;0;0;0;0;0
1;0;1;3;1;0;1;1;0;0;1;0;0;0;0;0;0;0;0
1;0;1;3;1;1;1;1;0;0;1;0;0;0;0;0;0;1;0
0;1;1;3;1;0;1;0;1;2;0;0;0;0;0;0;1;1;0
0;1;1;3;1;1;1;0;1;1;0;0;1;0;0;0;0;1;0
1;1;1;3;1;1;1;1;1;0;1;3;1;0;0;0;0;1;0
0;0;1;3;1;0;1;0;2;2;1;3;0;0;0;0;1;1;0
1;1;1;3;1;1;1;1;0;0;1;1;0;0;0;0;0;0;0
0;1;1;3;0;1;1;2;2;1;1;0;0;0;0;0;0;1;0
1;1;1;3;0;1;1;0;0;1;1;3;0;0;0;0;0;1;0
1;1;1;3;0;0;1;0;0;0;1;0;0;0;1;0;0;1;0
0;1;0;3;0;1;1;0;1;1;1;0;0;0;0;0;0;1;0
0;0;1;3;0;1;1;2;0;0;1;3;0;0;0;0;0;1;0
1;1;1;3;1;0;1;0;1;2;1;1;0;0;0;0;0;0;0
1;0;1;3;1;0;0;0;1;1;1;2;1;1;0;0;1;1;0
0;1;1;3;1;0;1;0;0;0;1;1;0;0;0;0;1;1;0
0;1;1;3;1;0;1;0;1;1;1;1;0;0;0;0;1;1;0
1;0;1;3;1;0;0;1;1;2;1;2;0;0;0;0;1;0;0
1;1;1;3;1;1;1;0;0;0;1;0;0;0;0;0;1;1;0
0;1;1;3;1;1;1;1;1;1;1;2;0;0;0;0;0;1;0
0;0;1;3;1;0;0;0;0;0;0;2;0;0;0;0;1;1;0
0;0;1;3;1;1;0;0;0;2;1;2;0;0;0;0;1;0;0
0;0;1;3;1;1;1;1;0;0;1;0;0;0;1;0;0;1;0
1;0;1;3;1;1;1;0;1;1;1;4;0;0;0;0;0;0;0
1;0;1;3;1;1;0;0;1;2;0;0;1;0;1;0;1;1;0
0;0;1;3;1;0;1;1;0;1;1;0;0;0;0;0;0;0;0
0;1;1;3;1;1;1;0;2;2;1;0;0;0;0;0;1;0;0
1;0;1;3;1;0;1;0;0;1;0;4;0;0;0;0;1;1;0
1;0;1;1;0;1;0;0;0;0;1;2;0;0;0;0;1;1;0
0;1;1;1;0;1;1;2;1;2;1;1;0;0;0;0;0;1;0
0;1;1;1;0;1;1;2;0;0;1;0;0;0;0;0;0;0;0
0;1;1;1;0;1;1;0;0;2;1;0;0;0;0;0;1;0;0
1;0;1;3;0;1;1;2;0;2;1;0;0;0;0;0;0;1;0
1;0;1;1;0;1;1;1;0;0;1;0;0;0;0;0;1;1;0
0;1;1;0;0;1;1;0;0;1;1;0;0;0;0;0;1;1;0
0;0;1;1;1;1;1;2;1;2;1;4;0;0;0;0;1;1;0
0;0;1;1;1;0;1;0;0;1;1;0;1;0;0;0;1;1;0
0;0;1;1;1;1;1;0;1;0;1;0;0;0;0;0;0;0;0
0;0;1;1;1;0;1;0;1;1;1;0;0;0;0;0;0;1;0
0;0;1;1;1;0;1;0;1;1;0;0;0;0;1;0;1;1;1
0;0;1;1;0;1;1;2;0;0;1;0;0;0;0;0;0;0;0
0;1;1;1;0;0;1;1;1;1;1;1;0;0;1;0;0;1;0
0;1;1;1;0;0;1;2;0;1;1;0;0;0;0;0;0;1;0
0;0;1;1;0;0;1;1;1;1;1;0;0;0;0;0;0;0;0
0;0;1;1;0;0;0;1;1;0;1;2;0;0;0;0;1;1;0
0;0;1;1;0;1;0;0;0;1;1;2;0;0;0;0;1;1;0
0;1;1;1;0;1;1;0;0;1;1;0;0;0;0;0;0;1;0
0;0;1;1;0;0;1;0;0;0;1;0;1;0;0;0;0;1;0
0;0;1;1;0;1;1;2;0;0;1;0;0;1;0;0;0;0;0
0;0;1;1;0;0;0;0;2;2;0;2;0;1;0;0;1;1;1
0;0;1;1;0;0;1;1;1;1;1;0;0;0;1;0;0;0;1
0;0;1;1;0;1;1;0;0;1;1;4;0;0;0;0;0;1;0
0;0;1;1;0;1;0;0;1;1;1;2;0;0;0;0;1;1;0
0;1;1;1;0;1;1;0;0;0;1;4;0;0;0;0;0;1;0
0;1;1;1;0;1;1;2;0;0;1;0;0;1;0;0;0;0;0
0;0;1;1;0;1;1;0;0;0;1;0;0;0;0;0;1;1;0
0;0;1;1;0;0;0;1;0;0;1;2;0;0;0;0;1;1;0
0;0;1;1;0;1;0;2;0;0;0;2;0;0;0;0;1;1;0
0;1;1;1;0;1;1;0;0;1;1;0;0;0;0;0;0;1;0
0;0;1;1;0;0;1;0;0;0;1;2;0;0;0;0;1;0;0
0;1;1;1;0;1;1;0;0;0;1;1;0;0;0;0;1;1;0
1;0;1;1;0;0;0;0;1;2;1;2;1;0;1;0;1;0;0
0;0;1;1;0;1;0;1;2;2;0;2;0;0;0;0;1;1;0
0;0;1;1;0;1;0;2;0;0;1;2;0;0;0;0;1;0;0
0;1;1;1;0;1;1;0;0;0;1;0;0;0;0;0;0;1;0
0;0;1;1;0;0;0;2;0;0;1;2;0;0;0;0;1;1;0
0;0;1;1;0;0;1;0;2;2;1;0;0;0;0;1;1;1;0
1;0;1;1;0;0;0;0;1;2;1;2;1;1;1;1;1;0;0
0;0;1;1;0;0;1;2;0;0;1;0;0;0;0;0;0;1;0
0;0;1;1;0;1;1;1;0;0;1;0;0;0;1;0;0;0;0
0;0;1;1;0;1;1;1;0;0;0;0;0;0;0;0;0;1;0
0;1;1;1;0;1;1;1;0;0;1;0;0;0;0;0;0;1;0
0;0;1;1;0;1;1;2;0;0;1;0;0;0;0;0;0;1;0
0;1;1;1;0;0;1;1;0;0;1;0;0;0;0;0;0;1;0
1;0;1;1;0;1;1;0;1;2;1;0;0;0;0;0;0;1;0
0;0;1;1;0;1;0;1;0;0;1;2;0;0;0;0;1;0;0
0;1;1;1;0;1;1;0;0;1;1;0;0;0;0;0;0;1;0
0;0;1;1;0;1;0;1;0;0;1;2;0;0;1;0;1;0;1
0;0;1;1;0;0;0;2;1;0;1;2;0;0;0;0;1;1;0
0;0;1;1;0;0;0;0;0;0;1;2;0;0;0;0;1;1;0
0;0;1;1;0;1;1;0;1;1;1;0;0;0;0;0;0;1;0
0;0;1;1;0;0;0;1;0;0;1;2;0;0;0;0;0;1;0
1;0;1;1;0;1;0;0;0;0;1;2;0;0;0;0;0;1;0
0;0;1;1;0;1;0;0;0;1;1;2;0;0;0;0;1;0;0
0;0;1;1;0;1;1;0;0;0;1;1;0;0;0;0;1;0;0
0;1;1;1;0;0;1;1;0;0;1;0;0;0;0;0;0;0;0
0;0;1;1;0;0;0;2;0;1;1;2;0;0;0;0;1;1;0
0;1;1;1;0;0;1;0;2;2;0;0;0;0;0;0;0;0;0
0;0;1;1;0;1;0;2;0;1;1;2;0;0;0;0;0;1;0
0;1;1;1;0;1;1;0;0;1;1;1;0;0;0;0;0;1;0
0;1;1;1;0;1;0;0;1;2;1;2;0;0;0;0;1;1;0
0;1;1;1;0;0;1;0;1;1;1;1;0;0;0;0;0;1;0